{
  "train": {
    "count": 135,
    "mean": 7469.7555555555555,
    "median": 6051.0,
    "std": 4491.133463246373,
    "min": 2184,
    "max": 31136,
    "percentiles": {
      "25": 4752.5,
      "50": 6051.0,
      "75": 8861.0,
      "90": 13171.400000000003,
      "95": 17143.699999999997,
      "99": 22592.859999999993
    }
  },
  "eval": {
    "count": 34,
    "mean": 7807.970588235294,
    "median": 6840.0,
    "std": 4558.142762168756,
    "min": 2903,
    "max": 24467,
    "percentiles": {
      "25": 4597.25,
      "50": 6840.0,
      "75": 8746.75,
      "90": 13441.999999999998,
      "95": 16726.25,
      "99": 22018.730000000014
    }
  },
  "overall": {
    "count": 169,
    "mean": 7537.798816568047,
    "median": 6116.0,
    "std": 4506.734727089407,
    "min": 2184,
    "max": 31136,
    "percentiles": {
      "25": 4597.0,
      "50": 6116.0,
      "75": 8813.0,
      "90": 13309.200000000003,
      "95": 16948.399999999998,
      "99": 23590.479999999992
    }
  },
  "timestamp": "2025-07-30T23:07:19.277517",
  "config": {
    "data_dir": "data/solves_and_thoughts",
    "source_folder": "data/arc_agi_2_reformatted",
    "start_checkpoint_path": "C:\\Users\\thomas\\proj\\arcagi\\local_data\\model_weights\\gemma3-4b-it-ORIGINAL",
    "max_samples_analyzed": null
  }
}