{
  "train": {
    "count": 122,
    "mean": 7252.393442622951,
    "median": 5567.5,
    "std": 4547.401000747168,
    "min": 2165,
    "max": 31117,
    "percentiles": {
      "25": 4436.75,
      "50": 5567.5,
      "75": 8460.0,
      "90": 11830.300000000005,
      "95": 17871.54999999999,
      "99": 22797.589999999986
    }
  },
  "eval": {
    "count": 31,
    "mean": 8616.09677419355,
    "median": 7178.0,
    "std": 4780.9896826361655,
    "min": 3113,
    "max": 24448,
    "percentiles": {
      "25": 5194.0,
      "50": 7178.0,
      "75": 10413.5,
      "90": 15254.0,
      "95": 16781.5,
      "99": 22222.299999999996
    }
  },
  "overall": {
    "count": 153,
    "mean": 7528.699346405228,
    "median": 6097.0,
    "std": 4628.2619023133075,
    "min": 2165,
    "max": 31117,
    "percentiles": {
      "25": 4573.0,
      "50": 6097.0,
      "75": 8794.0,
      "90": 13210.200000000003,
      "95": 17389.000000000004,
      "99": 23777.719999999987
    }
  },
  "timestamp": "2025-07-26T10:49:22.095646",
  "config": {
    "data_dir": "data/solves_and_thoughts",
    "source_folder": "data/arc_agi_2_reformatted",
    "start_checkpoint_path": "C:\\Users\\thomas\\proj\\arcagi\\local_data\\model_weights\\gemma3-4b-it-ORIGINAL",
    "max_samples_analyzed": null
  }
}